url,category,source_method,source_path,first_party_status,current_url_status,capture_status,mobile_status,style_cluster,cro_research_question,product_relevance
https://acehotel.com/,hospitality,prior_browser_ledger,design-intelligence/research/reference-ledger.json,apparent_first_party_unverified,UNVERIFIED_NETWORK_BLOCKED,VISUAL_CAPTURE_INCOMPLETE,old_mobile_unqualified,UNASSESSED,How are multiple properties and room paths kept clear?,rooms_and_high_intent_path
https://fogoislandinn.ca/,hospitality,prior_browser_ledger+same_day_reused_capture,design-intelligence/research/reference-ledger.json; design-studio-v5/REUSED_EVIDENCE.md,apparent_first_party_unverified,UNVERIFIED_NETWORK_BLOCKED,VISUAL_CAPTURE_COMPLETE_HOME_ONLY_REUSED,render_complete_home_reused,UNASSESSED,How does place context lead to a stay action?,sense_of_place_and_stay_path
https://stjohnrestaurant.com/,food,prior_browser_ledger+same_day_reused_capture,design-intelligence/research/reference-ledger.json; design-studio-v5/REUSED_EVIDENCE.md,apparent_first_party_unverified,UNVERIFIED_NETWORK_BLOCKED,VISUAL_CAPTURE_COMPLETE_HOME_ONLY_REUSED,render_complete_home_reused,UNASSESSED,How are food identity and practical visit information connected?,fire_kitchen_and_food_information
https://www.apartamentomagazine.com/,editorial,prior_browser_ledger,design-intelligence/research/reference-ledger.json,apparent_first_party_unverified,UNVERIFIED_NETWORK_BLOCKED,CAPTURE_AUDIT_REQUIRED,old_mobile_unqualified,UNASSESSED,How does rich editorial content stay navigable?,journal_and_content_depth
https://www.heckfieldplace.com/,hospitality,prior_browser_ledger,design-intelligence/research/reference-ledger.json,apparent_first_party_unverified,UNVERIFIED_NETWORK_BLOCKED,CAPTURE_AUDIT_REQUIRED,old_mobile_unqualified,UNASSESSED,How are rooms dining and grounds made findable?,rooms_food_place_comprehension
https://hotelcorazon.com/,hospitality,prior_browser_ledger,design-intelligence/research/reference-ledger.json,apparent_first_party_unverified,UNVERIFIED_NETWORK_BLOCKED,CAPTURE_AUDIT_REQUIRED,old_mobile_unqualified,UNASSESSED,How does a small property explain its rooms and stay path?,small_property_room_discovery
https://www.davidchipperfield.com/,architecture,prior_browser_ledger+same_day_reused_capture,design-intelligence/research/reference-ledger.json; design-studio-v5/REUSED_EVIDENCE.md,apparent_first_party_unverified,UNVERIFIED_NETWORK_BLOCKED,VISUAL_CAPTURE_COMPLETE_HOME_ONLY_REUSED,render_complete_home_reused,UNASSESSED,How is project and material context organized?,architecture_and_material_story
https://noma.dk/,food,prior_browser_ledger,design-intelligence/research/reference-ledger.json,apparent_first_party_unverified,UNVERIFIED_NETWORK_BLOCKED,CAPTURE_AUDIT_REQUIRED,old_mobile_unqualified,UNASSESSED,How do food stories connect to real visit decisions?,fire_kitchen_and_food_story
https://framacph.com/,lifestyle_product,prior_browser_ledger,design-intelligence/research/reference-ledger.json,apparent_first_party_unverified,UNVERIFIED_NETWORK_BLOCKED,CAPTURE_AUDIT_REQUIRED,old_mobile_unqualified,UNASSESSED,How are material stories balanced with usable navigation?,physical_material_identity
https://casabonay.com/,hospitality,prior_browser_ledger+same_day_reused_capture,design-intelligence/research/reference-ledger.json; design-studio-v5/REUSED_EVIDENCE.md,apparent_first_party_unverified,UNVERIFIED_NETWORK_BLOCKED,VISUAL_CAPTURE_COMPLETE_HOME_ONLY_REUSED,render_complete_home_reused,UNASSESSED,How are rooms food and location connected to booking?,hospitality_and_food_mix
https://www.masseriamoroseta.it/,hospitality,prior_browser_ledger,design-intelligence/research/reference-ledger.json,apparent_first_party_unverified,UNVERIFIED_NETWORK_BLOCKED,CAPTURE_AUDIT_REQUIRED,old_mobile_unqualified,UNASSESSED,How does a small place explain staying and dining?,small_property_and_food_mix
https://www.aesop.com/,lifestyle_product,prior_browser_ledger,design-intelligence/research/reference-ledger.json,apparent_first_party_unverified,UNVERIFIED_NETWORK_BLOCKED,CAPTURE_AUDIT_REQUIRED,old_mobile_unqualified,UNASSESSED,How does a detailed product world preserve task clarity?,material_story_and_mobile_navigation
https://www.oma.com/,architecture,prior_browser_ledger,design-intelligence/research/reference-ledger.json,apparent_first_party_unverified,UNVERIFIED_NETWORK_BLOCKED,CAPTURE_AUDIT_REQUIRED,old_mobile_unqualified,UNASSESSED,How is extensive project material navigated?,architecture_and_editorial_density
https://www.kinfolk.com/,editorial,prior_browser_ledger,design-intelligence/research/reference-ledger.json,apparent_first_party_unverified,UNVERIFIED_NETWORK_BLOCKED,CAPTURE_AUDIT_REQUIRED,old_mobile_unqualified,UNASSESSED,How is long-form editorial content structured on mobile?,journal_and_story_sequence
https://baltic.art/,cultural,prior_browser_ledger,design-intelligence/research/reference-ledger.json,apparent_first_party_unverified,UNVERIFIED_NETWORK_BLOCKED,CAPTURE_AUDIT_REQUIRED,old_mobile_unqualified,UNASSESSED,How are diverse visit routes and practical details exposed?,place_and_visitor_information
https://www.villa-lena.it/,hospitality,prior_reachability_list,design-intelligence/research/candidate-references.json,apparent_first_party_unverified,UNVERIFIED_NETWORK_BLOCKED,NO_QUALIFYING_CAPTURE,unverified,UNASSESSED,How are stay food and activities combined?,destination_property_and_experiences
https://www.hotelsinnombre.com/,hospitality,prior_reachability_list,design-intelligence/research/candidate-references.json,apparent_first_party_unverified,UNVERIFIED_NETWORK_BLOCKED,NO_QUALIFYING_CAPTURE,unverified,UNASSESSED,How does a small hotel support room decisions?,small_property_room_discovery
https://thecalilehotel.com/,hospitality,prior_reachability_list,design-intelligence/research/candidate-references.json,apparent_first_party_unverified,UNVERIFIED_NETWORK_BLOCKED,NO_QUALIFYING_CAPTURE,unverified,UNASSESSED,How are room and booking actions sequenced on mobile?,booking_path_and_mobile_conversion
https://thenewtinsomerset.com/,hospitality,same_day_reused_capture,design-studio-v5/REUSED_EVIDENCE.md,apparent_first_party_unverified,UNVERIFIED_NETWORK_BLOCKED,VISUAL_CAPTURE_COMPLETE_HOME_ONLY_REUSED,render_complete_home_reused,UNASSESSED,How does a complex place lead from discovery to a stay decision?,place_food_and_stay_path
